-- MySQL dump 10.16  Distrib 10.1.45-MariaDB, for debian-linux-gnueabihf (armv7l)
--
-- Host: localhost    Database: splitwise
-- ------------------------------------------------------
-- Server version	10.1.45-MariaDB-0+deb9u1

/*!40101 SET @OLD_CHARACTER_SET_CLIENT=@@CHARACTER_SET_CLIENT */;
/*!40101 SET @OLD_CHARACTER_SET_RESULTS=@@CHARACTER_SET_RESULTS */;
/*!40101 SET @OLD_COLLATION_CONNECTION=@@COLLATION_CONNECTION */;
/*!40101 SET NAMES utf8mb4 */;
/*!40103 SET @OLD_TIME_ZONE=@@TIME_ZONE */;
/*!40103 SET TIME_ZONE='+00:00' */;
/*!40014 SET @OLD_UNIQUE_CHECKS=@@UNIQUE_CHECKS, UNIQUE_CHECKS=0 */;
/*!40014 SET @OLD_FOREIGN_KEY_CHECKS=@@FOREIGN_KEY_CHECKS, FOREIGN_KEY_CHECKS=0 */;
/*!40101 SET @OLD_SQL_MODE=@@SQL_MODE, SQL_MODE='NO_AUTO_VALUE_ON_ZERO' */;
/*!40111 SET @OLD_SQL_NOTES=@@SQL_NOTES, SQL_NOTES=0 */;

--
-- Table structure for table `bills`
--

DROP TABLE IF EXISTS `bills`;
/*!40101 SET @saved_cs_client     = @@character_set_client */;
/*!40101 SET character_set_client = utf8 */;
CREATE TABLE `bills` (
  `id` bigint(20) NOT NULL AUTO_INCREMENT,
  `amount` double NOT NULL,
  `date` datetime NOT NULL DEFAULT CURRENT_TIMESTAMP,
  `notes` varchar(100) DEFAULT NULL,
  `user` bigint(20) NOT NULL,
  `deleted` tinyint(1) NOT NULL DEFAULT '0' COMMENT 'flag the entry for deletion',
  `invoice` bigint(20) DEFAULT NULL COMMENT 'the invoice if one already exists',
  `change_date` datetime DEFAULT NULL,
  PRIMARY KEY (`id`),
  KEY `bills_users_FK` (`user`),
  KEY `bills_invoices_FK` (`invoice`),
  CONSTRAINT `bills_invoices_FK` FOREIGN KEY (`invoice`) REFERENCES `invoices` (`id`),
  CONSTRAINT `bills_users_FK` FOREIGN KEY (`user`) REFERENCES `users` (`id`)
) ENGINE=InnoDB AUTO_INCREMENT=621 DEFAULT CHARSET=utf8mb4;
/*!40101 SET character_set_client = @saved_cs_client */;

--
-- Dumping data for table `bills`
--

LOCK TABLES `bills` WRITE;
/*!40000 ALTER TABLE `bills` DISABLE KEYS */;
INSERT INTO `bills` VALUES (80,11.68,'2019-01-20 10:15:44','spar 19.01.',2,0,23,'2019-02-13 17:41:35'),(81,21.08,'2019-01-20 10:16:19','merkur 18.01',2,0,23,'2019-02-13 17:41:35'),(82,42.54,'2019-01-20 10:17:15','merkur 17.01',2,0,23,'2019-02-13 17:41:35'),(83,22.74,'2019-01-20 10:18:02','spar 14.01',2,0,23,'2019-02-13 17:41:35'),(84,30.54,'2019-01-20 10:18:37','eurospar 16.01',2,0,23,'2019-02-13 17:41:35'),(85,66.07,'2019-01-20 10:19:48','spar 09.01',2,0,23,'2019-02-13 17:41:35'),(86,51.13,'2019-01-20 10:21:55','merkur 02.01',1,0,23,'2019-02-13 17:41:35'),(87,43.49,'2019-01-25 17:33:14','merkur 24.01',2,0,23,'2019-02-13 17:41:35'),(88,26.2,'2019-01-26 18:05:19','biofrische',1,0,23,'2019-02-13 17:41:35'),(89,27.79,'2019-01-26 18:41:58','merkur',2,0,23,'2019-02-13 17:41:35'),(90,12.24,'2019-01-28 16:46:54','spar',1,0,23,'2019-02-13 17:41:35'),(91,33.58,'2019-01-30 16:10:30','spar',2,0,23,'2019-02-13 17:41:35'),(92,10.99,'2019-02-02 16:28:22','bipa',2,0,23,'2019-02-13 17:41:35'),(93,16.72,'2019-02-04 16:46:43','spar',1,0,23,'2019-02-13 17:41:35'),(94,12.47,'2019-02-05 17:38:02','spar',1,0,23,'2019-02-13 17:41:35'),(95,52.82,'2019-02-07 12:30:55','Spar',2,0,23,'2019-02-13 17:41:35'),(96,21.6,'2019-02-07 20:47:23','mjam biofrische',1,0,23,'2019-02-13 17:41:35'),(97,14.7,'2019-02-10 21:10:38','mc donalds',1,0,23,'2019-02-13 17:41:35'),(98,44.02,'2019-02-12 17:22:23','Merkur',2,0,23,'2019-02-13 17:41:35'),(99,3.99,'2019-02-12 17:22:49','Müller - Glühbirne',2,0,23,'2019-02-13 17:41:35'),(100,12.54,'2019-02-13 17:32:33','spar',1,0,23,'2019-02-13 17:41:35'),(101,10.51,'2019-02-13 18:01:57','spar',2,0,24,'2019-08-24 19:27:19'),(102,55,'2019-02-14 21:56:07','therme wien',1,0,24,'2019-08-24 19:27:19'),(103,21,'2019-02-14 22:57:31','speedy pizza',1,0,24,'2019-08-24 19:27:19'),(104,20.4,'2019-02-15 15:49:48','mjam korean street food',1,0,24,'2019-08-24 19:27:19'),(105,19.65,'2019-02-16 11:20:58','spar',1,0,24,'2019-08-24 19:27:19'),(106,17.4,'2019-02-21 19:30:06','da casa mama',1,0,24,'2019-08-24 19:27:19'),(107,34.45,'2019-02-22 20:00:44','Spar 20.02.',2,0,24,'2019-08-24 19:27:19'),(108,50.66,'2019-02-23 12:54:18','spar und spieleabend',1,0,24,'2019-08-24 19:27:19'),(109,10,'2019-02-23 12:54:35','spar',1,0,24,'2019-08-24 19:27:19'),(110,15.34,'2019-02-25 18:26:10','merkur',2,0,24,'2019-08-24 19:27:19'),(111,20.12,'2019-02-28 13:34:25','Spar 28.2.',2,0,24,'2019-08-24 19:27:19'),(112,6.82,'2019-02-28 19:53:38','spar 25.02.',1,0,24,'2019-08-24 19:27:19'),(113,36.94,'2019-03-02 18:09:12','merkur 2.3.',2,0,24,'2019-08-24 19:27:19'),(114,25.02,'2019-03-04 16:42:44','spar 4.3.',2,0,24,'2019-08-24 19:27:19'),(115,2.75,'2019-03-04 19:12:10','spar',1,0,24,'2019-08-24 19:27:19'),(116,28.2,'2019-03-05 18:09:19','biofrische',1,0,24,'2019-08-24 19:27:19'),(117,42.93,'2019-03-06 13:01:43','merkur 06.03.',2,0,24,'2019-08-24 19:27:19'),(118,8.33,'2019-03-08 11:39:54','Hofer 7.3.',2,0,24,'2019-08-24 19:27:19'),(119,24.63,'2019-03-09 13:05:12','spar',1,0,24,'2019-08-24 19:27:19'),(120,7.5,'2019-03-14 09:06:37','kopierpapier und einweghandschuhe',2,0,24,'2019-08-24 19:27:19'),(121,23.56,'2019-03-15 09:39:54','Merkur 11.3.',2,0,24,'2019-08-24 19:27:19'),(122,16.02,'2019-03-15 19:15:55','Billa',2,0,24,'2019-08-24 19:27:19'),(123,18.42,'2019-03-17 14:53:07','holy chicken',1,0,24,'2019-08-24 19:27:19'),(124,18.31,'2019-03-18 17:28:25','spar',1,0,24,'2019-08-24 19:27:19'),(125,14.9,'2019-03-19 17:00:33','da casa mama pizza',1,0,24,'2019-08-24 19:27:19'),(126,36.36,'2019-03-21 12:30:30','Spar 21.3.',2,0,24,'2019-08-24 19:27:19'),(127,5.18,'2019-03-21 17:34:01','spar',1,0,24,'2019-08-24 19:27:19'),(128,23.87,'2019-03-25 11:03:47','Adamah Biokistl',2,0,24,'2019-08-24 19:27:19'),(129,7.01,'2019-03-25 17:26:43','spar',1,0,24,'2019-08-24 19:27:19'),(130,24.44,'2019-03-27 18:50:44','spar',1,0,24,'2019-08-24 19:27:19'),(131,21.8,'2019-03-28 18:30:34','holy chicken',1,0,24,'2019-08-24 19:27:19'),(132,33.95,'2019-03-29 10:48:10','Spar 29.3.',2,0,24,'2019-08-24 19:27:19'),(133,4.2,'2019-03-30 13:42:31','brot',2,0,24,'2019-08-24 19:27:19'),(134,2.58,'2019-03-30 13:43:11','schokohasen',2,0,24,'2019-08-24 19:27:19'),(135,3.17,'2019-03-30 13:44:20','dm',2,0,24,'2019-08-24 19:27:19'),(136,30.71,'2019-04-02 18:07:58','Spar 2.4.',2,0,24,'2019-08-24 19:27:19'),(137,9.15,'2019-04-04 16:29:20','spar',1,0,24,'2019-08-24 19:27:19'),(138,9.85,'2019-04-05 11:07:16','hofer 4.4.',2,0,24,'2019-08-24 19:27:19'),(139,32.9,'2019-04-05 11:08:01','Tchibo 4.4.',2,0,24,'2019-08-24 19:27:19'),(140,26.8,'2019-04-05 17:12:25','biofrische',1,0,24,'2019-08-24 19:27:19'),(141,51.25,'2019-04-06 13:25:53','Merkur',2,0,24,'2019-08-24 19:27:19'),(142,5,'2019-04-06 13:26:03','Zuckererbsen',2,0,24,'2019-08-24 19:27:19'),(143,22.5,'2019-04-07 17:20:12','mc donalds',1,0,24,'2019-08-24 19:27:19'),(144,9.42,'2019-04-11 16:26:20','spar',1,0,24,'2019-08-24 19:27:19'),(145,38.5,'2019-04-12 23:36:00','essen pfadis',1,0,24,'2019-08-24 19:27:19'),(146,7,'2019-04-13 09:34:31','taxi',2,0,24,'2019-08-24 19:27:19'),(147,29.98,'2019-04-13 13:20:02','asia shop nippon ya',2,0,24,'2019-08-24 19:27:19'),(148,24.01,'2019-04-13 13:20:24','merkur',2,0,24,'2019-08-24 19:27:19'),(149,70,'2019-04-14 11:23:50','tiki bar',2,0,24,'2019-08-24 19:27:19'),(150,13.9,'2019-04-14 11:24:07','da casa mama',1,0,24,'2019-08-24 19:27:19'),(151,25.23,'2019-04-15 10:53:40','spar',2,0,24,'2019-08-24 19:27:19'),(152,20.12,'2019-04-16 15:56:51','spar',1,0,24,'2019-08-24 19:27:19'),(153,6.65,'2019-04-16 15:57:34','spar',2,0,24,'2019-08-24 19:27:19'),(154,5.35,'2019-04-17 16:09:15','spar',1,0,24,'2019-08-24 19:27:19'),(155,8.44,'2019-04-18 18:10:15','billa',2,0,24,'2019-08-24 19:27:19'),(156,6,'2019-04-18 19:20:46','kartenreservierung',1,0,24,'2019-08-24 19:27:19'),(157,6,'2019-04-22 17:10:16','kartenreservierung retour',1,0,24,'2019-08-24 19:27:19'),(158,124,'2019-04-22 17:12:11','karten öbb goldegg',1,0,24,'2019-08-24 19:27:19'),(159,14.88,'2019-04-22 17:12:50','anker salzburg',2,0,24,'2019-08-24 19:27:19'),(160,25.8,'2019-04-22 17:14:18','biofrische',1,0,24,'2019-08-24 19:27:19'),(161,21.03,'2019-04-23 16:50:38','merkur',2,0,24,'2019-08-24 19:27:19'),(162,14.9,'2019-04-24 16:42:35','da casa mama',1,0,24,'2019-08-24 19:27:19'),(163,18.11,'2019-04-26 16:09:41','spar',1,0,24,'2019-08-24 19:27:19'),(164,32.19,'2019-04-27 10:59:07','spar',1,0,24,'2019-08-24 19:27:19'),(165,31.47,'2019-04-30 16:56:11','spar eltern essen',1,0,24,'2019-08-24 19:27:19'),(166,12.6,'2019-05-03 13:12:21','spar',1,0,24,'2019-08-24 19:27:19'),(167,15,'2019-05-03 20:16:13','billa',2,0,24,'2019-08-24 19:27:19'),(168,11.32,'2019-05-04 07:53:06','spar',1,0,24,'2019-08-24 19:27:19'),(169,41.61,'2019-05-05 20:02:03','Amazon Druckertinte und Thermoskanne',2,0,24,'2019-08-24 19:27:19'),(170,22.37,'2019-05-06 16:34:18','spar',1,0,24,'2019-08-24 19:27:19'),(171,59.95,'2019-05-13 08:48:32','Tchibo Koffer',2,0,24,'2019-08-24 19:27:19'),(172,12.99,'2019-05-13 08:49:00','Toilett Tasche für Reise BIPA',2,0,24,'2019-08-24 19:27:19'),(173,26.63,'2019-05-13 11:22:08','Spar',2,0,24,'2019-08-24 19:27:19'),(174,10.45,'2019-05-16 16:33:34','spar',1,0,24,'2019-08-24 19:27:19'),(175,41.43,'2019-05-18 12:24:45','merkur',1,0,24,'2019-08-24 19:27:19'),(176,6.43,'2019-05-18 12:25:03','spar',1,0,24,'2019-08-24 19:27:19'),(177,27.7,'2019-05-22 18:00:13','Billa',2,0,24,'2019-08-24 19:27:19'),(178,24.5,'2019-05-25 14:52:18','platte fuer zwei',1,0,24,'2019-08-24 19:27:19'),(179,13.5,'2019-05-28 18:34:32','merkur',2,0,24,'2019-08-24 19:27:19'),(180,17.98,'2019-06-01 14:58:23','pizza flitzer',1,0,24,'2019-08-24 19:27:19'),(181,26.3,'2019-06-01 14:58:46','biofrische',1,0,24,'2019-08-24 19:27:19'),(182,60.16,'2019-06-03 15:07:07','Spar',2,0,24,'2019-08-24 19:27:19'),(183,6.91,'2019-06-05 06:59:56','billa 4.6.',2,0,24,'2019-08-24 19:27:19'),(184,12.45,'2019-06-05 07:00:21','gewürze 4.6.',2,0,24,'2019-08-24 19:27:19'),(185,18,'2019-06-06 11:36:42','liebeshut <3',2,0,24,'2019-08-24 19:27:19'),(186,25.67,'2019-06-06 11:37:16','merkur',2,0,24,'2019-08-24 19:27:19'),(187,21.03,'2019-06-06 11:38:51','kaffee',2,0,24,'2019-08-24 19:27:19'),(188,16.03,'2019-06-07 17:48:05','spar',1,0,24,'2019-08-24 19:27:19'),(189,30.95,'2019-06-08 10:25:56','apotheke',2,0,24,'2019-08-24 19:27:19'),(190,19,'2019-06-09 21:32:18','dominos pizza',1,0,24,'2019-08-24 19:27:19'),(191,6.87,'2019-06-10 09:09:20','tankstelle torte wolfgang',2,0,24,'2019-08-24 19:27:19'),(192,18.85,'2019-06-11 16:52:30','spar',1,0,24,'2019-08-24 19:27:19'),(193,12,'2019-06-12 15:52:24','spar',1,0,24,'2019-08-24 19:27:19'),(194,28.5,'2019-06-14 13:32:41','spar',1,0,24,'2019-08-24 19:27:19'),(195,39.96,'2019-06-15 09:59:52','spar',1,0,24,'2019-08-24 19:27:19'),(196,20,'2019-06-16 11:28:52','dominos pizza',1,0,24,'2019-08-24 19:27:19'),(197,11.63,'2019-06-17 15:59:38','spar',1,0,24,'2019-08-24 19:27:19'),(198,13,'2019-06-22 14:08:18','subway',1,0,24,'2019-08-24 19:27:19'),(199,13.8,'2019-06-22 14:09:07','mc donald breakfest',1,0,24,'2019-08-24 19:27:19'),(200,19.12,'2019-06-22 14:09:45','spar',2,0,24,'2019-08-24 19:27:19'),(201,4,'2019-06-22 14:10:05','eis',1,0,24,'2019-08-24 19:27:19'),(202,6,'2019-06-24 16:09:06','eis',1,0,24,'2019-08-24 19:27:19'),(203,3.98,'2019-06-25 17:50:36','Billa 19.6.',2,0,24,'2019-08-24 19:27:19'),(204,30.92,'2019-06-25 17:50:55','merkur',2,0,24,'2019-08-24 19:27:19'),(205,19,'2019-06-29 18:42:01','dominos',1,0,24,'2019-08-24 19:27:19'),(206,28.26,'2019-06-29 18:42:44','spar',1,0,24,'2019-08-24 19:27:19'),(207,7.5,'2019-07-05 17:43:50','Zitronella Kerzen',2,0,24,'2019-08-24 19:27:19'),(208,37.19,'2019-07-05 17:44:12','Spar 4.7.',2,0,24,'2019-08-24 19:27:19'),(209,13.98,'2019-07-06 16:49:22','subway',1,0,24,'2019-08-24 19:27:19'),(210,20.72,'2019-07-06 16:50:16','merkur',2,0,24,'2019-08-24 19:27:19'),(211,23,'2019-07-07 16:16:42','spareribs da casa mama',1,0,24,'2019-08-24 19:27:19'),(212,19.5,'2019-07-10 17:34:27','dominos',1,0,24,'2019-08-24 19:27:19'),(213,31.79,'2019-07-11 14:01:13','Spar',2,0,24,'2019-08-24 19:27:19'),(214,12.93,'2019-07-15 16:11:19','spar',1,0,24,'2019-08-24 19:27:19'),(215,16.08,'2019-07-17 12:57:46','spar',2,0,24,'2019-08-24 19:27:19'),(216,24.51,'2019-07-18 16:24:34','spar',1,0,24,'2019-08-24 19:27:19'),(217,18.2,'2019-07-26 08:12:50','Merkur 25.7.',2,0,24,'2019-08-24 19:27:19'),(218,31.3,'2019-07-26 08:13:21','Japan Supermarkt Okonomiyaki',2,0,24,'2019-08-24 19:27:19'),(219,22.4,'2019-07-27 09:02:34','merkur',2,0,24,'2019-08-24 19:27:19'),(220,6.45,'2019-07-27 11:24:38','sonnenchreme',1,0,24,'2019-08-24 19:27:19'),(221,63.16,'2019-07-27 11:25:23','merkur',2,0,24,'2019-08-24 19:27:19'),(222,20.74,'2019-07-27 11:26:06','müller',2,0,24,'2019-08-24 19:27:19'),(223,34.26,'2019-07-27 15:17:02','spar fuer feier',1,0,24,'2019-08-24 19:27:19'),(224,30.48,'2019-07-29 14:31:44','spar',2,0,24,'2019-08-24 19:27:19'),(225,13.43,'2019-08-02 10:24:42','merkur 1.8.',2,0,24,'2019-08-24 19:27:19'),(226,20.5,'2019-08-02 16:02:21','da casa mama',1,0,24,'2019-08-24 19:27:19'),(227,20,'2019-08-04 11:16:21','uber trumau',1,0,24,'2019-08-24 19:27:19'),(228,4.99,'2019-08-04 15:55:30','kühltasche',2,0,24,'2019-08-24 19:27:19'),(229,28.15,'2019-08-04 15:56:24','merkur 3.8.',2,0,24,'2019-08-24 19:27:19'),(230,6.94,'2019-08-05 16:03:51','spar',1,0,24,'2019-08-24 19:27:19'),(231,6.73,'2019-08-05 16:04:10','spar',1,0,24,'2019-08-24 19:27:19'),(232,35.8,'2019-08-05 16:04:54','mci',1,0,24,'2019-08-24 19:27:19'),(233,20.22,'2019-08-08 07:28:26','billa 7.8.',2,0,24,'2019-08-24 19:27:19'),(234,88,'2019-08-10 12:45:28','Zug Hinfahrt Vorarlberg',2,0,24,'2019-08-24 19:27:19'),(235,205.6,'2019-08-10 13:12:04','Hotel Schruns',1,0,24,'2019-08-24 19:27:19'),(236,85.6,'2019-08-10 13:12:25','ÖBB Ticket Heimfahrt',2,0,24,'2019-08-24 19:27:19'),(237,24,'2019-08-10 13:26:16','mamacita',2,0,24,'2019-08-24 19:27:19'),(238,268,'2019-08-10 15:24:03','Hotel Feldkirch',1,0,24,'2019-08-24 19:27:19'),(239,419.5,'2019-08-10 17:59:40','Hotel Bregenz',1,0,24,'2019-08-24 19:27:19'),(240,10,'2019-08-12 16:20:59','Stadionbad',1,0,24,'2019-08-24 19:27:19'),(241,26,'2019-08-12 19:50:20','mci',2,0,24,'2019-08-24 19:27:19'),(242,14.84,'2019-08-13 17:59:28','Spar',2,0,24,'2019-08-24 19:27:19'),(243,13.9,'2019-08-14 11:23:21','da casa mama',1,0,24,'2019-08-24 19:27:19'),(244,33.62,'2019-08-14 11:23:47','spar',1,0,24,'2019-08-24 19:27:19'),(245,24.6,'2019-08-16 13:16:56','Mamacita',1,0,24,'2019-08-24 19:27:19'),(246,26.7,'2019-08-16 13:17:31','Billa',2,0,24,'2019-08-24 19:27:19'),(247,28.95,'2019-08-16 13:33:50','wiener börger',1,0,24,'2019-08-24 19:27:19'),(248,24.6,'2019-08-16 13:34:16','mamacita',1,0,24,'2019-08-24 19:27:19'),(249,24.7,'2019-08-24 18:43:06','litschi asiate schruns',1,0,24,'2019-08-24 19:27:19'),(250,9,'2019-08-24 18:44:28','öbb schruns nach feldkirch',1,0,24,'2019-08-24 19:27:19'),(251,6,'2019-08-24 18:45:01','öbb bregenz dornbirn und zurück',1,0,24,'2019-08-24 19:27:19'),(252,7.54,'2019-08-24 19:13:34','billa schruns',2,0,24,'2019-08-24 19:27:19'),(253,47.8,'2019-08-24 19:14:46','Wirtshaus am See 1',2,0,24,'2019-08-24 19:27:19'),(254,14,'2019-08-24 19:15:09','Schattenburg',2,0,24,'2019-08-24 19:27:19'),(255,45,'2019-08-24 19:15:43','Gasthaus Krone Schruns',2,0,24,'2019-08-24 19:27:19'),(256,55,'2019-08-24 19:16:06','Wirtshaus am See 2',2,0,24,'2019-08-24 19:27:19'),(257,6,'2019-08-24 19:16:21','Milchpilz 2mal',2,0,24,'2019-08-24 19:27:19'),(258,18,'2019-08-24 19:16:47','Essen Bregenz',2,0,24,'2019-08-24 19:27:19'),(259,14.2,'2019-08-24 19:18:00','Busskarten Feldkirch',2,0,24,'2019-08-24 19:27:19'),(260,26.67,'2019-08-24 19:18:45','Interspar Essen Feldkirch',2,0,24,'2019-08-24 19:27:19'),(261,38,'2019-08-24 19:19:38','Golm-Bahn Latschau',2,0,24,'2019-08-24 19:27:19'),(262,55,'2019-08-24 19:19:52','Alm Essen',2,0,24,'2019-08-24 19:27:19'),(263,9,'2019-08-24 19:20:38','ÖBB Ticket Feldkirch bis Bregenz',2,0,24,'2019-08-24 19:27:19'),(264,25.34,'2019-08-24 19:21:02','Interspar Essen Feldkirch 2',2,0,24,'2019-08-24 19:27:19'),(265,6.56,'2019-08-24 19:21:27','Interspar Feldkirch',2,0,24,'2019-08-24 19:27:19'),(266,22.05,'2019-08-24 19:21:55','Interspar Feldkirch 2',2,0,24,'2019-08-24 19:27:19'),(267,6.17,'2019-08-24 19:22:19','BIPA Schruns',2,0,24,'2019-08-24 19:27:19'),(268,16.12,'2019-08-24 19:22:48','Spar Wien Hbf',2,0,24,'2019-08-24 19:27:19'),(269,10.52,'2019-08-24 19:23:22','SPar Bregenz',2,0,24,'2019-08-24 19:27:19'),(270,11,'2019-08-24 20:15:28','Sutterlüty Supermarkt',2,0,25,'2019-11-01 10:28:27'),(271,5.38,'2019-08-25 10:31:18','Mohrenkönig Spar',2,0,25,'2019-11-01 10:28:27'),(272,27.2,'2019-08-25 12:20:35','biofrische',1,0,25,'2019-11-01 10:28:27'),(273,24.97,'2019-08-27 12:36:49','merkur',2,0,25,'2019-11-01 10:28:27'),(274,28.32,'2019-08-28 12:05:33','merkur',2,0,25,'2019-11-01 10:28:27'),(275,30.23,'2019-08-30 11:25:38','spar',2,0,25,'2019-11-01 10:28:27'),(276,24.8,'2019-09-02 11:02:38','dominos spieleabend',2,0,25,'2019-11-01 10:28:27'),(277,18.9,'2019-09-02 17:54:51','mci',1,0,25,'2019-11-01 10:28:27'),(278,7.77,'2019-09-03 16:26:41','spar',1,0,25,'2019-11-01 10:28:27'),(279,37.51,'2019-09-05 11:54:53','spar',2,0,25,'2019-11-01 10:28:27'),(280,20,'2019-09-06 17:11:37','dominos',1,0,25,'2019-11-01 10:28:27'),(281,17.53,'2019-09-07 13:33:39','spar',1,0,25,'2019-11-01 10:28:27'),(282,37.7,'2019-09-09 11:24:19','merkur',2,0,25,'2019-11-01 10:28:27'),(283,9.65,'2019-09-12 08:04:57','merkur 11.9.',2,0,25,'2019-11-01 10:28:27'),(284,10.73,'2019-09-14 11:46:02','spar',1,0,25,'2019-11-01 10:28:27'),(285,16.25,'2019-09-14 11:46:24','merkur',1,0,25,'2019-11-01 10:28:27'),(286,50,'2019-09-16 17:05:45','Ebi',2,0,25,'2019-11-01 10:28:27'),(287,18,'2019-09-16 17:07:56','dominos',1,0,25,'2019-11-01 10:28:27'),(288,30.65,'2019-09-18 10:30:06','spar',2,0,25,'2019-11-01 10:28:27'),(289,12,'2019-09-20 13:16:32','spar',2,0,25,'2019-11-01 10:28:27'),(290,15.55,'2019-09-21 11:34:48','spar',1,0,25,'2019-11-01 10:28:27'),(291,20.9,'2019-09-22 17:16:49','mci',1,0,25,'2019-11-01 10:28:27'),(292,11.5,'2019-09-22 17:17:40','backwerk',1,0,25,'2019-11-01 10:28:27'),(293,19.3,'2019-09-23 11:48:45','spar',2,0,25,'2019-11-01 10:28:27'),(294,11.9,'2019-09-28 10:26:22','bijou brigitte x2',1,0,25,'2019-11-01 10:28:27'),(295,8.1,'2019-09-28 10:26:49','müller shampoo',1,0,25,'2019-11-01 10:28:27'),(296,8.2,'2019-09-28 10:27:03','mci frühstück',1,0,25,'2019-11-01 10:28:27'),(297,22.51,'2019-09-28 10:27:23','spar mittag',1,0,25,'2019-11-01 10:28:27'),(298,15,'2019-09-29 16:25:35','tablet halterung',1,0,25,'2019-11-01 10:28:27'),(299,19,'2019-09-29 18:15:39','da casa mama',2,0,25,'2019-11-01 10:28:27'),(300,31.34,'2019-10-02 19:37:17','spar',2,0,25,'2019-11-01 10:28:27'),(301,19.6,'2019-10-05 11:27:03','spar',1,0,25,'2019-11-01 10:28:27'),(302,22.3,'2019-10-06 17:06:28','Biofrische',2,0,25,'2019-11-01 10:28:27'),(303,30,'2019-10-06 17:07:11','Mamacita',2,0,25,'2019-11-01 10:28:27'),(304,10,'2019-10-06 17:07:40','Eis',1,0,25,'2019-11-01 10:28:27'),(305,21.3,'2019-10-07 18:12:45','spar',2,0,25,'2019-11-01 10:28:27'),(306,20.23,'2019-10-07 18:13:14','Tchibo Kaffee',2,0,25,'2019-11-01 10:28:27'),(307,13.9,'2019-10-08 17:49:08','da casa mama',1,0,25,'2019-11-01 10:28:27'),(308,7.17,'2019-10-08 17:49:29','spar',1,0,25,'2019-11-01 10:28:27'),(309,26.14,'2019-10-11 12:16:52','spar',2,0,25,'2019-11-01 10:28:27'),(310,6,'2019-10-12 11:04:14','spar',1,0,25,'2019-11-01 10:28:27'),(311,11,'2019-10-12 11:05:39','da casa mama',1,0,25,'2019-11-01 10:28:27'),(312,15.42,'2019-10-12 13:45:05','spar',1,0,25,'2019-11-01 10:28:27'),(313,19.75,'2019-10-13 09:44:19','Dominos',2,0,25,'2019-11-01 10:28:27'),(314,25,'2019-10-15 08:32:47','American Chicken Box',2,0,25,'2019-11-01 10:28:27'),(315,27.2,'2019-10-15 15:39:29','merkur',2,0,25,'2019-11-01 10:28:27'),(316,23,'2019-10-16 18:20:16','bio frische',1,0,25,'2019-11-01 10:28:27'),(317,6.97,'2019-10-17 16:29:34','spar',1,0,25,'2019-11-01 10:28:27'),(318,59.91,'2019-10-19 12:19:28','merkur essen eltern',1,0,25,'2019-11-01 10:28:27'),(319,11.37,'2019-10-21 16:35:48','spar',1,0,25,'2019-11-01 10:28:27'),(320,22.77,'2019-10-23 07:40:31','merkur 22.10.',2,0,25,'2019-11-01 10:28:27'),(321,4.87,'2019-10-24 16:09:39','spar',1,0,25,'2019-11-01 10:28:27'),(322,10.59,'2019-10-25 14:40:22','spar',1,0,25,'2019-11-01 10:28:27'),(323,45.52,'2019-10-26 09:05:05','merkur',2,0,25,'2019-11-01 10:28:27'),(324,2.5,'2019-10-26 09:06:04','mci',1,0,25,'2019-11-01 10:28:27'),(325,8.6,'2019-10-26 09:06:19','mci',1,0,25,'2019-11-01 10:28:27'),(326,26.3,'2019-10-27 08:57:26','kebap pizza',2,0,25,'2019-11-01 10:28:27'),(327,26.4,'2019-10-28 11:12:45','spar',2,0,25,'2019-11-01 10:28:27'),(328,39.05,'2019-10-28 11:14:27','apotheke (desinf, echinacin, tantum verde)',2,0,25,'2019-11-01 10:28:27'),(329,10.04,'2019-10-30 17:25:21','spar',1,0,25,'2019-11-01 10:28:27'),(330,27.3,'2019-10-30 17:25:38','bio frische',1,0,25,'2019-11-01 10:28:27'),(331,16.83,'2019-11-01 09:58:39','spar',1,0,25,'2019-11-01 10:28:27'),(332,11,'2019-11-02 09:50:52','mci frühstück',1,0,26,'2020-03-21 16:40:09'),(333,51.52,'2019-11-02 11:32:02','spar',1,0,26,'2020-03-21 16:40:09'),(334,11.2,'2019-11-03 19:41:29','mci frühstück die 2te',1,0,26,'2020-03-21 16:40:09'),(335,27.8,'2019-11-04 17:31:32','spar',1,0,26,'2020-03-21 16:40:09'),(336,42.46,'2019-11-06 20:54:34','Spar',2,0,26,'2020-03-21 16:40:09'),(337,20,'2019-11-08 09:11:11','Dominos',2,0,26,'2020-03-21 16:40:09'),(338,18.4,'2019-11-10 17:14:07','merkur',2,0,26,'2020-03-21 16:40:09'),(339,7,'2019-11-10 17:14:27','adventkerzen müller',2,0,26,'2020-03-21 16:40:09'),(340,15.5,'2019-11-10 17:15:14','schere libro',2,0,26,'2020-03-21 16:40:09'),(341,20,'2019-11-10 17:15:23','föhn',2,0,26,'2020-03-21 16:40:09'),(342,24.8,'2019-11-10 17:16:10','mci',1,0,26,'2020-03-21 16:40:09'),(343,9.13,'2019-11-11 16:46:37','spar',1,0,26,'2020-03-21 16:40:09'),(344,22,'2019-11-12 18:34:44','biofrische',1,0,26,'2020-03-21 16:40:09'),(345,23.6,'2019-11-13 12:27:27','spar',2,0,26,'2020-03-21 16:40:09'),(346,15,'2019-11-14 14:13:02','dominos',2,0,26,'2020-03-21 16:40:09'),(347,26.2,'2019-11-14 17:49:38','mamacita',1,0,26,'2020-03-21 16:40:09'),(348,29.95,'2019-11-16 11:23:41','merkur',2,0,26,'2020-03-21 16:40:09'),(349,11.6,'2019-11-16 11:23:55','mci frühstück',1,0,26,'2020-03-21 16:40:09'),(350,21.28,'2019-11-16 11:24:47','spar',1,0,26,'2020-03-21 16:40:09'),(351,4.77,'2019-11-19 19:02:27','hofer',2,0,26,'2020-03-21 16:40:09'),(352,11.56,'2019-11-19 19:02:41','kaffee',2,0,26,'2020-03-21 16:40:09'),(353,39.74,'2019-11-22 12:34:32','spar',2,0,26,'2020-03-21 16:40:09'),(354,74,'2019-11-23 16:01:34','vienna comic con',1,0,26,'2020-03-21 16:40:09'),(355,16.16,'2019-11-23 16:01:56','spar',1,0,26,'2020-03-21 16:40:09'),(356,35.6,'2019-11-26 14:05:20','merkur',2,0,26,'2020-03-21 16:40:09'),(357,6.5,'2019-11-26 14:05:34','nasentropfen',2,0,26,'2020-03-21 16:40:09'),(358,30,'2019-11-26 14:05:45','Adventkranz',2,0,26,'2020-03-21 16:40:09'),(359,25.46,'2019-11-28 17:00:02','spar',2,0,26,'2020-03-21 16:40:09'),(360,36.85,'2019-11-30 12:33:36','merkur',1,0,26,'2020-03-21 16:40:09'),(361,6.5,'2019-11-30 13:31:25','spar',2,0,26,'2020-03-21 16:40:09'),(362,23.2,'2019-11-30 13:31:40','mamacita',1,0,26,'2020-03-21 16:40:09'),(363,13.35,'2019-12-01 18:23:33','dm',2,0,26,'2020-03-21 16:40:09'),(364,6.96,'2019-12-04 16:49:02','spar',1,0,26,'2020-03-21 16:40:09'),(365,33.05,'2019-12-04 18:50:56','merkur',2,0,26,'2020-03-21 16:40:09'),(366,21.2,'2019-12-05 18:17:36','biofrische',1,0,26,'2020-03-21 16:40:09'),(367,44.3,'2019-12-07 11:52:21','müller alles mögliche',1,0,26,'2020-03-21 16:40:09'),(368,32.2,'2019-12-07 11:52:37','merkur essen',2,0,26,'2020-03-21 16:40:09'),(369,14.5,'2019-12-07 11:53:15','tchibo',2,0,26,'2020-03-21 16:40:09'),(370,7.12,'2019-12-10 17:45:53','spar',1,0,26,'2020-03-21 16:40:09'),(371,16.8,'2019-12-10 17:46:10','spar',1,0,26,'2020-03-21 16:40:09'),(372,33.2,'2019-12-12 14:59:02','merkur',2,0,26,'2020-03-21 16:40:09'),(373,7.81,'2019-12-12 14:59:20','spar',2,0,26,'2020-03-21 16:40:09'),(374,7.46,'2019-12-13 14:04:42','spar',1,0,26,'2020-03-21 16:40:09'),(375,27.2,'2019-12-14 14:24:44','mamacita',1,0,26,'2020-03-21 16:40:09'),(376,30.69,'2019-12-14 14:26:05','spar',2,0,26,'2020-03-21 16:40:09'),(377,4.68,'2019-12-14 14:26:22','spar',2,0,26,'2020-03-21 16:40:09'),(378,27.4,'2019-12-14 20:10:55','Etsy Kaktus',2,0,26,'2020-03-21 16:40:09'),(379,36.33,'2019-12-17 17:39:57','merkur',2,0,26,'2020-03-21 16:40:09'),(380,13.67,'2019-12-17 17:41:01','kaffee und kalender',2,0,26,'2020-03-21 16:40:09'),(381,11.06,'2019-12-18 16:48:07','spar',1,0,26,'2020-03-21 16:40:09'),(382,23.2,'2019-12-18 16:48:23','mamacita',2,0,26,'2020-03-21 16:40:09'),(383,30.06,'2019-12-23 12:48:04','spar',1,0,26,'2020-03-21 16:40:09'),(384,10.55,'2019-12-27 14:01:50','spar',1,0,26,'2020-03-21 16:40:09'),(385,18.4,'2019-12-28 17:01:09','Dominos 20.12.',2,0,26,'2020-03-21 16:40:09'),(386,14.4,'2019-12-29 12:09:06','backwerk',1,0,26,'2020-03-21 16:40:09'),(387,26.2,'2019-12-30 15:02:42','mamacita',1,0,26,'2020-03-21 16:40:09'),(388,32.84,'2019-12-30 15:02:58','billa',1,0,26,'2020-03-21 16:40:09'),(389,2.5,'2019-12-30 15:03:16','bilderrahmen',2,0,26,'2020-03-21 16:40:09'),(390,10.5,'2019-12-30 15:04:14','backwerk',1,0,26,'2020-03-21 16:40:09'),(391,11.5,'2019-12-30 15:04:23','spar',1,0,26,'2020-03-21 16:40:09'),(392,25.9,'2020-01-03 16:03:57','mci',1,0,26,'2020-03-21 16:40:09'),(393,21.9,'2020-01-03 16:42:51','kika rest',2,0,26,'2020-03-21 16:40:09'),(394,22,'2020-01-04 13:28:46','dominos',1,0,26,'2020-03-21 16:40:09'),(395,46.73,'2020-01-04 17:07:24','spar',1,0,26,'2020-03-21 16:40:09'),(396,9.9,'2020-01-05 10:04:52','mci frühstück',1,0,26,'2020-03-21 16:40:09'),(397,28.2,'2020-01-05 16:18:11','Da Casa Mama',2,0,26,'2020-03-21 16:40:09'),(398,26.63,'2020-01-08 10:10:38','merkur',2,0,26,'2020-03-21 16:40:09'),(399,15.15,'2020-01-09 21:00:16','Merkur',1,0,26,'2020-03-21 16:40:09'),(400,33.25,'2020-01-11 14:29:06','merkur',2,0,26,'2020-03-21 16:40:09'),(401,14.2,'2020-01-11 14:57:12','ben and jerry, kaffee',1,0,26,'2020-03-21 16:40:09'),(402,25.49,'2020-01-13 11:44:14','spar',2,0,26,'2020-03-21 16:40:09'),(403,41.47,'2020-01-14 18:30:31','merkur',2,0,26,'2020-03-21 16:40:09'),(404,27.2,'2020-01-15 18:19:28','biofrische',1,0,26,'2020-03-21 16:40:09'),(405,9.54,'2020-01-16 17:21:50','spar',1,0,26,'2020-03-21 16:40:09'),(406,90,'2020-01-18 23:11:28','Feuerdorf',1,0,26,'2020-03-21 16:40:09'),(407,11.2,'2020-01-18 23:13:07','Backwerk',1,0,26,'2020-03-21 16:40:09'),(408,31.48,'2020-01-18 23:15:22','Spar',1,0,26,'2020-03-21 16:40:09'),(409,6.63,'2020-01-20 17:08:15','spar',1,0,26,'2020-03-21 16:40:09'),(410,17.46,'2020-01-23 17:27:46','spar',1,0,26,'2020-03-21 16:40:09'),(411,16.4,'2020-01-24 17:01:40','da casa mama',1,0,26,'2020-03-21 16:40:09'),(412,26,'2020-01-25 16:12:24','mc donalds',1,0,26,'2020-03-21 16:40:09'),(413,27,'2020-01-25 16:14:15','mamacita',2,0,26,'2020-03-21 16:40:09'),(414,24.4,'2020-01-25 16:15:33','billa',2,0,26,'2020-03-21 16:40:09'),(415,47.22,'2020-01-29 08:10:11','merkur',2,0,26,'2020-03-21 16:40:09'),(416,5.96,'2020-01-30 17:20:59','spar',1,0,26,'2020-03-21 16:40:09'),(417,10,'2020-02-01 16:48:51','Duschgel und Box',2,0,26,'2020-03-21 16:40:09'),(418,17.6,'2020-02-01 16:49:08','spar',2,0,26,'2020-03-21 16:40:09'),(419,35.62,'2020-02-03 15:45:58','merkur',2,0,26,'2020-03-21 16:40:09'),(420,17.28,'2020-02-05 18:13:36','dominos',1,0,26,'2020-03-21 16:40:09'),(421,20.91,'2020-02-05 19:34:26','Spar',2,0,26,'2020-03-21 16:40:09'),(422,28.3,'2020-02-06 18:46:01','Burger',2,0,26,'2020-03-21 16:40:09'),(423,23.5,'2020-02-07 14:59:54','mci',1,0,26,'2020-03-21 16:40:09'),(424,40.85,'2020-02-08 16:58:42','merkur',1,0,26,'2020-03-21 16:40:09'),(425,12,'2020-02-08 16:58:59','billa',2,0,26,'2020-03-21 16:40:09'),(426,29,'2020-02-09 09:49:25','ikea',2,0,26,'2020-03-21 16:40:09'),(427,16.4,'2020-02-10 17:36:02','da casa mama',1,0,26,'2020-03-21 16:40:09'),(428,15.5,'2020-02-13 18:28:20','asia nudeln',1,0,26,'2020-03-21 16:40:09'),(429,19.2,'2020-02-14 14:51:47','spar',1,0,26,'2020-03-21 16:40:09'),(430,25.7,'2020-02-14 21:10:38','burger freunde',2,0,26,'2020-03-21 16:40:09'),(431,73.87,'2020-02-15 12:25:30','merkur spieleabend',1,0,26,'2020-03-21 16:40:09'),(432,7,'2020-02-15 17:46:09','getränke tankstelle',2,0,26,'2020-03-21 16:40:09'),(433,9.8,'2020-02-16 14:04:51','backwerk',1,0,26,'2020-03-21 16:40:09'),(434,26.2,'2020-02-16 14:23:59','Biofrische',2,0,26,'2020-03-21 16:40:09'),(435,18.75,'2020-02-17 13:13:44','merkur',2,0,26,'2020-03-21 16:40:09'),(436,25.7,'2020-02-17 13:16:09','Mamacita 12.2.',2,0,26,'2020-03-21 16:40:09'),(437,10,'2020-02-19 21:17:28','spar',2,0,26,'2020-03-21 16:40:09'),(438,30,'2020-02-19 21:17:39','da casa mama',2,0,26,'2020-03-21 16:40:09'),(439,23.5,'2020-02-20 18:28:38','mci',1,0,26,'2020-03-21 16:40:09'),(440,18,'2020-02-21 15:47:05','spar',2,0,26,'2020-03-21 16:40:09'),(441,25.7,'2020-02-22 15:21:42','Beste Freunde Burgergrill',2,0,26,'2020-03-21 16:40:09'),(442,26.2,'2020-02-24 17:21:02','mamacita',1,0,26,'2020-03-21 16:40:09'),(443,13.55,'2020-02-24 17:22:05','backwerk',1,0,26,'2020-03-21 16:40:09'),(444,20.4,'2020-02-25 20:26:23','hofer',2,0,26,'2020-03-21 16:40:09'),(445,21.07,'2020-02-26 09:12:36','spar',2,0,26,'2020-03-21 16:40:09'),(446,25.9,'2020-02-28 19:22:58','bio frische',1,0,26,'2020-03-21 16:40:09'),(447,6.87,'2020-03-01 13:11:26','tankstelle',2,0,26,'2020-03-21 16:40:09'),(448,21,'2020-03-01 13:11:46','anna geschenk',2,0,26,'2020-03-21 16:40:09'),(449,20.24,'2020-03-01 15:37:25','dominos',1,0,26,'2020-03-21 16:40:09'),(450,23.84,'2020-03-02 17:28:37','spar',1,0,26,'2020-03-21 16:40:09'),(451,21.6,'2020-03-03 18:58:11','mci',1,0,26,'2020-03-21 16:40:09'),(452,26.9,'2020-03-05 20:11:19','Burgerlicious',2,0,26,'2020-03-21 16:40:09'),(453,26,'2020-03-06 10:20:42','merkur',2,0,26,'2020-03-21 16:40:09'),(454,1.5,'2020-03-06 10:21:08','zitronensäure billa',2,0,26,'2020-03-21 16:40:09'),(455,20,'2020-03-06 10:21:46','spar',2,0,26,'2020-03-21 16:40:09'),(456,34,'2020-03-06 10:22:15','tchibo kaffee pastakocher erdäpfelkocher',2,0,26,'2020-03-21 16:40:09'),(457,11.2,'2020-03-08 14:18:40','mci frühstück',1,0,26,'2020-03-21 16:40:09'),(458,9.65,'2020-03-08 14:19:07','merkur',2,0,26,'2020-03-21 16:40:09'),(459,71.5,'2020-03-08 14:45:22','cocktails - chapel',1,0,26,'2020-03-21 16:40:09'),(460,19.84,'2020-03-09 19:16:33','Japanischer Supermarkt',2,0,26,'2020-03-21 16:40:09'),(461,15.5,'2020-03-10 18:11:00','da casa mama',2,0,26,'2020-03-21 16:40:09'),(462,52,'2020-03-10 18:12:31','Spar Hamstern',2,0,26,'2020-03-21 16:40:09'),(463,11.06,'2020-03-11 20:46:53','spar',1,0,26,'2020-03-21 16:40:09'),(464,39.94,'2020-03-12 17:16:10','spar hamstern 3',2,0,26,'2020-03-21 16:40:09'),(465,54,'2020-03-12 17:16:54','spar hamstern 2',2,0,26,'2020-03-21 16:40:09'),(466,28.91,'2020-03-13 12:43:19','Billa',2,0,26,'2020-03-21 16:40:09'),(467,9,'2020-03-13 12:43:29','Bipa',2,0,26,'2020-03-21 16:40:09'),(468,22,'2020-03-15 11:52:40','biofrische',2,0,26,'2020-03-21 16:40:09'),(469,15,'2020-03-16 17:15:43','spar',1,0,26,'2020-03-21 16:40:09'),(470,19.79,'2020-03-17 12:56:00','merkur',2,0,26,'2020-03-21 16:40:09'),(471,9.92,'2020-03-17 13:08:52','bipa',2,0,26,'2020-03-21 16:40:09'),(472,34.4,'2020-03-18 17:58:20','akakiko',1,0,26,'2020-03-21 16:40:09'),(473,51.15,'2020-03-21 11:51:34','merkur',2,0,26,'2020-03-21 16:40:09'),(474,22.76,'2020-03-24 19:16:34','billa',2,0,27,'2020-05-01 16:43:13'),(475,13.78,'2020-03-25 18:59:09','dominos',1,0,27,'2020-05-01 16:43:13'),(476,5.77,'2020-03-26 15:41:33','spar',2,0,27,'2020-05-01 16:43:13'),(477,59.91,'2020-03-26 15:41:48','merkur',2,0,27,'2020-05-01 16:43:13'),(478,15.5,'2020-03-27 15:08:00','da casa mama',1,0,27,'2020-05-01 16:43:13'),(479,25.31,'2020-03-28 10:41:02','spar',1,0,27,'2020-05-01 16:43:13'),(480,26.2,'2020-03-30 16:03:57','BioFrische',2,0,27,'2020-05-01 16:43:13'),(481,32.22,'2020-04-01 13:33:56','spar',2,0,27,'2020-05-01 16:43:13'),(482,28.2,'2020-04-02 15:55:02','Da Casa Mama',2,0,27,'2020-05-01 16:43:13'),(483,75.03,'2020-04-04 10:53:39','merkur',1,0,27,'2020-05-01 16:43:13'),(484,44,'2020-04-06 07:53:36','Qwertee',2,0,27,'2020-05-01 16:43:13'),(485,24,'2020-04-07 14:31:56','spar',2,0,27,'2020-05-01 16:43:13'),(486,29.2,'2020-04-07 17:51:21','biofrische',2,0,27,'2020-05-01 16:43:13'),(487,48.75,'2020-04-08 11:18:44','spar',2,0,27,'2020-05-01 16:43:13'),(488,33.85,'2020-04-10 09:25:24','spar',1,0,27,'2020-05-01 16:43:13'),(489,15.5,'2020-04-10 09:25:39','da casa mama',2,0,27,'2020-05-01 16:43:13'),(490,29.2,'2020-04-12 15:53:05','biofrische',2,0,27,'2020-05-01 16:43:13'),(491,26,'2020-04-15 06:48:54','mamacita',2,0,27,'2020-05-01 16:43:13'),(492,33.5,'2020-04-16 13:08:03','spar',2,0,27,'2020-05-01 16:43:13'),(493,18,'2020-04-17 17:22:06','SPAR',2,0,27,'2020-05-01 16:43:13'),(494,5,'2020-04-17 17:22:23','AMEISENFALLEN',2,0,27,'2020-05-01 16:43:13'),(495,32,'2020-04-19 12:18:05','schnitzel',2,0,27,'2020-05-01 16:43:13'),(496,24.8,'2020-04-20 16:48:45','beste freunde burger',2,0,27,'2020-05-01 16:43:13'),(497,52,'2020-04-21 09:41:00','merkur',2,0,27,'2020-05-01 16:43:13'),(498,36,'2020-04-24 09:25:43','spar',2,0,27,'2020-05-01 16:43:13'),(499,39,'2020-04-27 10:00:52','spar',2,0,27,'2020-05-01 16:43:13'),(500,31.6,'2020-04-27 19:12:19','beste freunde burger',1,0,27,'2020-05-01 16:43:13'),(501,27.8,'2020-04-28 15:45:43','biofrische',2,0,27,'2020-05-01 16:43:13'),(502,24,'2020-04-29 07:04:58','alex maske etsy (10euro+shipping)',2,0,27,'2020-05-01 16:43:13'),(503,37,'2020-04-29 11:27:54','spar',2,0,27,'2020-05-01 16:43:13'),(504,13,'2020-05-01 09:30:56','tanke frühstück',2,0,27,'2020-05-01 16:43:13'),(505,26.3,'2020-05-01 15:39:33','subway',2,0,27,'2020-05-01 16:43:13'),(506,41.8,'2020-05-04 06:57:27','spar',2,0,28,'2020-07-01 16:38:51'),(507,15.5,'2020-05-04 15:18:21','da casa mama',2,0,28,'2020-07-01 16:38:51'),(508,28,'2020-05-06 16:04:24','biofrische',2,0,28,'2020-07-01 16:38:51'),(509,48.5,'2020-05-07 11:12:55','spar',2,0,28,'2020-07-01 16:38:51'),(510,8.5,'2020-05-07 15:55:13','spar',2,0,28,'2020-07-01 16:38:51'),(511,43.74,'2020-05-08 10:21:03','merkur',2,0,28,'2020-07-01 16:38:51'),(512,32.7,'2020-05-09 17:54:50','bio frische',1,0,28,'2020-07-01 16:38:51'),(513,8,'2020-05-11 09:08:56','spar',2,0,28,'2020-07-01 16:38:51'),(514,29,'2020-05-11 16:03:41','spar',2,0,28,'2020-07-01 16:38:51'),(515,24.8,'2020-05-12 16:46:35','beste freunde burger',1,0,28,'2020-07-01 16:38:51'),(516,11,'2020-05-14 09:46:51','spar',2,0,28,'2020-07-01 16:38:51'),(517,28,'2020-05-15 07:29:07','pizzamann :(',2,0,28,'2020-07-01 16:38:51'),(518,15,'2020-05-16 14:06:32','mci frühstück :\'(',2,0,28,'2020-07-01 16:38:51'),(519,24,'2020-05-16 14:07:32','gleitgel und duschzeugs ;)',2,0,28,'2020-07-01 16:38:51'),(520,38.46,'2020-05-16 14:08:58','bier und andern spass',1,0,28,'2020-07-01 16:38:51'),(521,8.4,'2020-05-17 09:51:07','backwerk',1,0,28,'2020-07-01 16:38:51'),(522,23.1,'2020-05-17 17:37:13','mci',1,0,28,'2020-07-01 16:38:51'),(523,25.6,'2020-05-19 09:03:58','spar',2,0,28,'2020-07-01 16:38:51'),(524,26,'2020-05-19 16:27:33','biofrische',2,0,28,'2020-07-01 16:38:51'),(525,35,'2020-05-20 15:45:51','Campus Bräu',2,0,28,'2020-07-01 16:38:51'),(526,25.73,'2020-05-20 17:29:18','spar',1,0,28,'2020-07-01 16:38:51'),(527,24.21,'2020-05-22 13:00:09','biofrische',1,0,28,'2020-07-01 16:38:51'),(528,5.4,'2020-05-23 10:22:15','backwerk',2,0,28,'2020-07-01 16:38:51'),(529,33.98,'2020-05-23 10:22:28','spar',1,0,28,'2020-07-01 16:38:51'),(530,6.3,'2020-05-23 12:51:45','desinfekt',1,0,28,'2020-07-01 16:38:51'),(531,25,'2020-05-23 15:22:51','beste freunde bg',2,0,28,'2020-07-01 16:38:51'),(532,9.16,'2020-05-26 16:19:11','spar',1,0,28,'2020-07-01 16:38:51'),(533,41.89,'2020-05-27 18:42:30','merkur',2,0,28,'2020-07-01 16:38:51'),(534,27.2,'2020-05-29 14:28:14','mci',2,0,28,'2020-07-01 16:38:51'),(535,31.5,'2020-05-30 10:15:04','spar',1,0,28,'2020-07-01 16:38:51'),(536,26.3,'2020-05-30 13:01:17','subway',2,0,28,'2020-07-01 16:38:51'),(537,10,'2020-06-01 17:20:14','backwerk',2,0,28,'2020-07-01 16:38:51'),(538,25,'2020-06-01 17:20:35','biofrische',2,0,28,'2020-07-01 16:38:51'),(539,16,'2020-06-02 17:01:18','Dürüm x4',1,0,28,'2020-07-01 16:38:51'),(540,119.98,'2020-06-03 12:32:05','hervis helme',1,0,28,'2020-07-01 16:38:51'),(541,25,'2020-06-03 16:41:55','spar',2,0,28,'2020-07-01 16:38:51'),(542,37,'2020-06-03 16:42:11','bügeleisen',2,0,28,'2020-07-01 16:38:51'),(543,18.53,'2020-06-04 11:46:02','spar',1,0,28,'2020-07-01 16:38:51'),(544,21.42,'2020-06-05 10:50:04','dominos',1,0,28,'2020-07-01 16:38:51'),(545,38.5,'2020-06-06 09:42:13','spar',2,0,28,'2020-07-01 16:38:51'),(546,26.3,'2020-06-06 09:45:06','subway',1,0,28,'2020-07-01 16:38:51'),(547,16,'2020-06-09 10:25:25','alex shirt h&m',2,0,28,'2020-07-01 16:38:51'),(548,13,'2020-06-09 10:26:03','billa',2,0,28,'2020-07-01 16:38:51'),(549,15,'2020-06-09 10:26:31','brathendl',2,0,28,'2020-07-01 16:38:51'),(550,23.5,'2020-06-09 12:31:28','mjam',2,0,28,'2020-07-01 16:38:51'),(551,69.2,'2020-06-10 10:18:52','Zugticket nach Goldegg',1,0,28,'2020-07-01 16:38:51'),(552,69.2,'2020-06-10 10:31:14','Zugtickets nach Wien',1,0,28,'2020-07-01 16:38:51'),(553,29,'2020-06-10 10:31:38','biofrische',2,0,28,'2020-07-01 16:38:51'),(554,25,'2020-06-14 16:18:32','mci',2,0,28,'2020-07-01 16:38:51'),(555,13.31,'2020-06-15 18:00:54','spar',1,0,28,'2020-07-01 16:38:51'),(556,11,'2020-06-17 06:51:52','billa',2,0,28,'2020-07-01 16:38:51'),(557,32.5,'2020-06-18 16:19:40','spar',2,0,28,'2020-07-01 16:38:51'),(558,22,'2020-06-22 08:48:40','tchibo',2,0,28,'2020-07-01 16:38:51'),(559,65.7,'2020-06-22 08:48:51','merkur',2,0,28,'2020-07-01 16:38:51'),(560,24,'2020-06-26 07:05:11','spar',2,0,28,'2020-07-01 16:38:51'),(561,9,'2020-06-26 07:05:31','Candy Sackerl Geschenk f Lisa und Gries',2,0,28,'2020-07-01 16:38:51'),(562,11.3,'2020-06-27 15:58:14','backwerk',1,0,28,'2020-07-01 16:38:51'),(563,26.3,'2020-06-27 17:11:17','subway',1,0,28,'2020-07-01 16:38:51'),(564,15,'2020-06-27 17:24:52','Dominos bei Lisa u Gries',2,0,28,'2020-07-01 16:38:51'),(565,16,'2020-06-29 19:58:36','da casa mama',2,0,28,'2020-07-01 16:38:51'),(566,24,'2020-07-01 12:30:53','merkur',2,0,28,'2020-07-01 16:38:51'),(567,24.8,'2020-07-01 16:34:14','beste freunde burger',1,0,28,'2020-07-01 16:38:51'),(568,18.5,'2020-07-03 11:28:06','spar',2,0,NULL,NULL),(569,14.5,'2020-07-03 22:27:46','spar',2,0,NULL,NULL),(570,25,'2020-07-03 22:28:21','saucen jap. supermarkt',2,0,NULL,NULL),(571,25,'2020-07-05 12:56:15','biofrische',2,0,NULL,NULL),(572,23.1,'2020-07-06 17:47:46','dominos',1,0,NULL,NULL),(573,8.31,'2020-07-07 18:05:15','billa',1,0,NULL,NULL),(574,14,'2020-07-08 15:21:02','spar',1,0,NULL,NULL),(575,20.86,'2020-07-11 10:24:20','spar',1,0,NULL,NULL),(576,27,'2020-07-13 11:20:33','merkur',2,0,NULL,NULL),(577,24.8,'2020-07-13 18:59:29','beste freunde burger',2,0,NULL,NULL),(578,25.9,'2020-07-14 16:38:43','bio frische',1,0,NULL,NULL),(579,20,'2020-07-15 14:48:18','Kühlakkus und co',2,0,NULL,NULL),(580,23.3,'2020-07-15 16:38:00','mc donalds',1,0,NULL,NULL),(581,22.91,'2020-07-16 13:01:50','Wasserpflanzen',2,0,NULL,NULL),(582,23.1,'2020-07-16 15:31:53','dominos',1,0,NULL,NULL),(583,19.94,'2020-07-20 16:46:09','dominos',1,0,NULL,NULL),(584,20.2,'2020-07-22 07:04:25','billa',2,0,NULL,NULL),(585,13.18,'2020-07-22 16:09:37','spar',1,0,NULL,NULL),(586,24.8,'2020-07-22 17:43:00','beste freunde burger',2,0,NULL,NULL),(587,26.4,'2020-07-23 16:22:45','mci',2,0,NULL,NULL),(588,11.81,'2020-07-25 08:39:49','spar',1,0,NULL,NULL),(589,67,'2020-07-27 07:09:15','spar',2,0,NULL,NULL),(590,25,'2020-07-27 17:19:56','bio frische',1,0,NULL,NULL),(591,6,'2020-07-28 15:55:45','backwerk too good to go',2,0,NULL,NULL),(592,5.32,'2020-07-29 18:01:06','billa',1,0,NULL,NULL),(593,12.6,'2020-07-29 18:01:29','hendl mann',1,0,NULL,NULL),(594,31.2,'2020-07-30 17:41:30','beste freunde burger',2,0,NULL,NULL),(595,12,'2020-07-30 17:42:38','ben and jerrys super savers awesome deal (statt 36euro!)',2,0,NULL,NULL),(596,27.6,'2020-07-31 20:52:41','spar',2,0,NULL,NULL),(597,49.47,'2020-08-01 12:07:31','spar bootsfahren',1,0,NULL,NULL),(598,19.98,'2020-08-01 12:08:02','mömax spannnleintuch',1,0,NULL,NULL),(599,27.4,'2020-08-03 17:46:07','mci',1,0,NULL,NULL),(600,19.94,'2020-08-05 16:17:36','dominos',1,0,NULL,NULL),(601,13,'2020-08-06 09:51:20','spar',2,0,NULL,NULL),(602,27.7,'2020-08-06 15:57:37','beste freunde burger',1,0,NULL,NULL),(603,63.3,'2020-08-07 18:21:17','Kipfi, Nina und Kathi Geburtstagsgeschenk',2,0,NULL,NULL),(604,8,'2020-08-07 18:21:29','Kanzleramt',2,0,NULL,NULL),(605,42.5,'2020-08-08 11:41:47','merkur',2,0,NULL,NULL),(606,80,'2020-08-10 13:51:57','Matthias 30er Geschenk (Patrick bestellt)',2,0,NULL,NULL),(607,10,'2020-08-10 13:52:07','Eis Baden',1,0,NULL,NULL),(608,32.6,'2020-08-10 18:02:31','mci',1,0,NULL,NULL),(609,9,'2020-08-10 18:25:31','obi hauswurze',2,0,NULL,NULL),(610,24.97,'2020-08-11 17:08:41','spar',2,0,NULL,NULL),(611,9.48,'2020-08-11 17:08:52','spar',1,0,NULL,NULL),(612,32,'2020-08-12 17:51:41','beste freunde',2,0,NULL,NULL),(613,28,'2020-08-13 16:39:08','spareribs',2,0,NULL,NULL),(614,25.23,'2020-08-16 17:43:28','bestellen mjam',1,0,NULL,NULL),(615,27,'2020-08-17 14:08:31','spar',2,0,NULL,NULL),(616,6,'2020-08-17 17:37:02','backwerk',2,0,NULL,NULL),(617,9,'2020-08-18 17:46:25','merkur',2,0,NULL,NULL),(618,13.48,'2020-08-19 20:20:39','billa',1,0,NULL,NULL),(619,40,'2020-08-21 07:41:14','akakiko',2,0,NULL,NULL),(620,13,'2020-08-21 07:41:48','grillhuhn',2,0,NULL,NULL);
/*!40000 ALTER TABLE `bills` ENABLE KEYS */;
UNLOCK TABLES;
/*!50003 SET @saved_cs_client      = @@character_set_client */ ;
/*!50003 SET @saved_cs_results     = @@character_set_results */ ;
/*!50003 SET @saved_col_connection = @@collation_connection */ ;
/*!50003 SET character_set_client  = utf8mb4 */ ;
/*!50003 SET character_set_results = utf8mb4 */ ;
/*!50003 SET collation_connection  = utf8mb4_general_ci */ ;
/*!50003 SET @saved_sql_mode       = @@sql_mode */ ;
/*!50003 SET sql_mode              = 'IGNORE_SPACE,STRICT_TRANS_TABLES,NO_AUTO_CREATE_USER,NO_ENGINE_SUBSTITUTION' */ ;
DELIMITER ;;
/*!50003 CREATE*/ /*!50017 DEFINER=`splituser`@`localhost`*/ /*!50003 TRIGGER change_date
BEFORE UPDATE
ON bills FOR EACH ROW
SET NEW.change_date = NOW() */;;
DELIMITER ;
/*!50003 SET sql_mode              = @saved_sql_mode */ ;
/*!50003 SET character_set_client  = @saved_cs_client */ ;
/*!50003 SET character_set_results = @saved_cs_results */ ;
/*!50003 SET collation_connection  = @saved_col_connection */ ;

--
-- Table structure for table `invoices`
--

DROP TABLE IF EXISTS `invoices`;
/*!40101 SET @saved_cs_client     = @@character_set_client */;
/*!40101 SET character_set_client = utf8 */;
CREATE TABLE `invoices` (
  `id` bigint(20) NOT NULL AUTO_INCREMENT,
  `date` datetime NOT NULL DEFAULT CURRENT_TIMESTAMP,
  `notes` varchar(100) NOT NULL,
  PRIMARY KEY (`id`)
) ENGINE=InnoDB AUTO_INCREMENT=29 DEFAULT CHARSET=utf8mb4;
/*!40101 SET character_set_client = @saved_cs_client */;

--
-- Dumping data for table `invoices`
--

LOCK TABLES `invoices` WRITE;
/*!40000 ALTER TABLE `invoices` DISABLE KEYS */;
INSERT INTO `invoices` VALUES (23,'2019-02-13 17:41:35','standard note'),(24,'2019-08-24 19:27:19','standard note'),(25,'2019-11-01 10:28:27','standard note'),(26,'2020-03-21 16:40:09','standard note'),(27,'2020-05-01 16:43:13','standard note'),(28,'2020-07-01 16:38:51','standard note');
/*!40000 ALTER TABLE `invoices` ENABLE KEYS */;
UNLOCK TABLES;

--
-- Table structure for table `users`
--

DROP TABLE IF EXISTS `users`;
/*!40101 SET @saved_cs_client     = @@character_set_client */;
/*!40101 SET character_set_client = utf8 */;
CREATE TABLE `users` (
  `id` bigint(20) NOT NULL AUTO_INCREMENT,
  `name` varchar(100) NOT NULL,
  PRIMARY KEY (`id`)
) ENGINE=InnoDB AUTO_INCREMENT=3 DEFAULT CHARSET=utf8mb4 COMMENT='Users for Splitwise';
/*!40101 SET character_set_client = @saved_cs_client */;

--
-- Dumping data for table `users`
--

LOCK TABLES `users` WRITE;
/*!40000 ALTER TABLE `users` DISABLE KEYS */;
INSERT INTO `users` VALUES (1,'Alex'),(2,'Manu');
/*!40000 ALTER TABLE `users` ENABLE KEYS */;
UNLOCK TABLES;
/*!40103 SET TIME_ZONE=@OLD_TIME_ZONE */;

/*!40101 SET SQL_MODE=@OLD_SQL_MODE */;
/*!40014 SET FOREIGN_KEY_CHECKS=@OLD_FOREIGN_KEY_CHECKS */;
/*!40014 SET UNIQUE_CHECKS=@OLD_UNIQUE_CHECKS */;
/*!40101 SET CHARACTER_SET_CLIENT=@OLD_CHARACTER_SET_CLIENT */;
/*!40101 SET CHARACTER_SET_RESULTS=@OLD_CHARACTER_SET_RESULTS */;
/*!40101 SET COLLATION_CONNECTION=@OLD_COLLATION_CONNECTION */;
/*!40111 SET SQL_NOTES=@OLD_SQL_NOTES */;

-- Dump completed on 2020-08-23 17:43:08
